{
  "total_samples": 3,
  "passed": 2,
  "partial": 0,
  "failed": 1,
  "pass_rate": 0.6666666666666666,
  "average_score": 47.0,
  "average_format_compliance": 66.66666666666667,
  "average_completeness": 66.66666666666667,
  "average_correctness": 33.333333333333336,
  "score_distribution": {
    "pass": 2,
    "partial": 0,
    "fail": 1
  }
}